iso3,pais,lon,lat
AFG,Afghanistan,66.59216131095278,34.13402601376932
ALB,Albania,20.061082767269493,41.14165894891656
DZA,Algeria,2.655846471976913,28.350969744889056
AND,Andorra,1.5802243611232871,42.54859834854764
AGO,Angola,17.651768783079,-12.167424062667942
ATG,Antigua and Barbuda,-61.78530823226373,17.07146759372967
ARG,Argentina,-64.53238503843076,-35.697270518120085
ARM,Armenia,45.05490831965259,40.17841274230679
ABW,Aruba,-69.97564014284046,12.515625722992898
AUS,Australia,134.02277170916162,-25.69733767398308
AUT,Austria,13.797778364631036,47.631858269895794
AZE,Azerbaijan,48.63459267064432,40.3920509942049
BHS,Bahamas,-78.07275370060313,24.72162633646784
BHR,Bahrain,50.540695402276775,26.04798501537066
BGD,Bangladesh,90.43212562608612,23.673728665121
BRB,Barbados,-59.557383949150285,13.183219369337529
BLR,Belarus,27.964252054715104,53.46791374543163
BEL,Belgium,4.675010154696485,50.6182138854095
BLZ,Belize,-88.68273510023441,17.24252476647155
BEN,Benin,2.305714528830206,9.503013199615893
BMU,Bermuda,-64.7458500599169,32.315067430740726
BTN,Bhutan,90.4671664717386,27.42163933959824
BOL,Bolivia,-64.45209597511206,-16.7312488393574
BIH,Bosnia and Herzegovina,17.83467240787538,44.14415356126429
BWA,Botswana,23.85779956995608,-22.236609002062902
BRA,Brazil,-54.35520660825642,-11.524630416426652
VGB,British Virgin Islands,-64.62406519257699,18.42195819619707
BRN,Brunei Darussalam,114.6430958360464,4.543205889917609
BGR,Bulgaria,25.251739122561908,42.82043677302438
BFA,Burkina Faso,-1.6932816211842323,12.108709036312735
BDI,Burundi,29.88518227845293,-3.261251993278643
CPV,Cabo Verde,-23.63401005900474,15.076411518651645
KHM,Cambodia,105.039730786807,12.699186865507777
CMR,Cameroon,12.948474142398265,6.294168487480992
CAN,Canada,-98.41680517868062,57.55048004465564
CYM,Cayman Islands,-81.25203208977878,19.311231805620288
CAF,Central African Republic,20.520743419397256,6.331390033944319
TCD,Chad,18.427113900363025,15.283493546654505
CHL,Chile,-70.76863431739216,-37.82938283049967
CHN,China,104.69113855849604,38.07325481105728
COL,Colombia,-72.6445066243485,4.187753877352739
COM,Comoros,43.34826587429403,-11.658861474508493
COG,Congo,14.879732849491392,-0.7294391595233845
COD,Congo DRC,23.419827574282188,-3.338629596207896
CRI,Costa Rica,-84.14673625701816,9.863467407406214
HRV,Croatia,16.625761129583374,44.91192100856702
CUB,Cuba,-79.69817857618705,21.476176522869448
CUW,Curacao,-68.96939768599042,12.199996647939832
CYP,Cyprus,33.375346009199205,35.11700416345239
CZE,Czech Republic,15.383273292023532,49.74917370930982
CIV,Côte d'Ivoire,-5.571710194917734,7.536779279421307
DNK,Denmark,9.378670542409406,56.00118817971057
DJI,Djibouti,42.61349689878951,11.750235727618804
DMA,Dominica,-61.360471946942994,15.429269860940511
DOM,Dominican Republic,-70.43495198520012,18.77954818522993
ECU,Ecuador,-78.4630326109714,-1.5642721388853116
EGY,Egypt,30.240135435012338,26.60517034450628
SLV,El Salvador,-88.85911489238985,13.758041517055418
GNQ,Equatorial Guinea,10.425456672353825,1.595464393659073
ERI,Eritrea,39.2672401449901,15.005533147667684
EST,Estonia,25.916870250633806,58.64810831123104
SWZ,Eswatini,31.510685746082007,-26.562540935608705
ETH,Ethiopia,39.91490288654428,8.729389557048396
FRO,Faroe Islands,-6.981106091312284,62.13089628149535
FJI,Fiji,177.98144613732626,-17.822470952336204
FIN,Finland,25.65738433454702,65.01578959749911
FRA,France,2.1940236627886227,46.6423682169416
PYF,French Polynesia,-149.40041671099763,-17.674684080120677
GAB,Gabon,11.839410898545754,-0.628448459921234
GMB,Gambia,-15.383380385869662,13.428617959189328
GEO,Georgia,43.37886653411224,42.17986277737226
DEU,Germany,10.426171427430804,51.08304539800482
GHA,Ghana,-1.219233362526581,7.94530467243628
GIB,Gibraltar,-5.345549484594358,36.14022671336082
GRC,Greece,23.11036893616188,39.42012261727978
GRL,Greenland,-42.07567788066985,74.16847218965994
GRD,Grenada,-61.67937937204098,12.112926656338908
GUM,Guam,144.78024458298802,13.445430479945276
GTM,Guatemala,-90.31219349119615,15.820878515352684
GIN,Guinea,-10.986948848040218,10.255986541378112
GNB,Guinea-Bissau,-14.980186756910848,11.980075324820504
GUY,Guyana,-58.91352612754667,4.68211981385056
HTI,Haiti,-72.89291379842,18.883520486983567
HND,Honduras,-86.49251679006962,14.740370695750006
HUN,Hungary,19.39620048366142,47.22527332486294
ISL,Iceland,-19.05682967106099,65.12360920205514
IND,India,81.17300408530181,23.58630056774672
IDN,Indonesia,113.96538246847302,0.1559197995903765
IRN,Iran,54.23707700106544,32.906023742890056
IRQ,Iraq,43.83252918105688,33.105075667527906
IRL,Ireland,-8.241128545554096,53.30489539816495
ISR,Israel,35.027923472437024,31.513542220043195
ITA,Italy,12.763657166123137,42.98201127614267
JAM,Jamaica,-77.30358894542778,18.12207889341651
JPN,Japan,137.46934234351835,36.76738832597829
JOR,Jordan,36.95728884547246,31.38706488444916
KAZ,Kazakhstan,66.3759193479301,47.64146519517684
KEN,Kenya,37.95309411262371,0.6899182318376179
KIR,Kiribati,-157.39024189323504,1.8676673749241064
KWT,Kuwait,47.56311109320184,29.28136096544309
KGZ,Kyrgyzstan,74.17532903468319,41.35698905438358
LAO,Laos,103.76375899026448,18.11728273687328
LVA,Latvia,24.693671325654403,56.81385304755416
LBN,Lebanon,35.89651946324749,33.91160170722086
LSO,Lesotho,28.24475317864227,-29.60168116924817
LBR,Liberia,-9.258988935497618,6.52012979398834
LBY,Libya,17.91133392454237,27.202915771690797
LIE,Liechtenstein,9.547674672376376,47.14627562133036
LTU,Lithuania,23.94602160501353,55.29437393417175
LUX,Luxembourg,6.103230338458876,49.77523454542369
MDG,Madagascar,46.68493466832544,-19.04163612493041
MWI,Malawi,34.23441182298881,-13.128986464184024
MYS,Malaysia,114.63330303992868,3.6716608556387857
MDV,Maldives,73.10076245140479,-0.6065577168009924
MLI,Mali,-4.346399841781153,17.168146208584837
MLT,Malta,14.441922442508494,35.890522650899314
MHL,Marshall Islands,168.72016025351076,7.307929900994344
MRT,Mauritania,-10.495079045035716,20.466731212820022
MUS,Mauritius,57.56415671066546,-20.28142317475198
MEX,Mexico,-101.55399731630118,23.87436068093592
FSM,Micronesia,158.2291899444527,6.878944812925544
MDA,Moldova,28.391111865941348,47.0725674580696
MCO,Monaco,7.412820873271196,43.74798224995656
MNG,Mongolia,103.3987360327455,47.08644454604851
MNE,Montenegro,19.29505087156758,42.73694835210454
MAR,Morocco,-8.817212587250811,28.687598134979325
MOZ,Mozambique,35.208577031290176,-17.525230309488748
MMR,Myanmar,97.08892285397344,19.901227931399877
NAM,Namibia,18.16451345845268,-21.90858163281473
NRU,Nauru,166.92937633139178,-0.5221021440668993
NPL,Nepal,84.1338898313567,28.300920699755657
NLD,Netherlands,5.554136426128487,52.134054128923886
NCL,New Caledonia,165.50767040438612,-21.33003372660827
NZL,New Zealand,170.69035541428696,-43.82765432544426
NIC,Nicaragua,-85.016088327669,12.893566631930554
NER,Niger,8.86863247002646,17.08105392407292
NGA,Nigeria,8.147714845256194,9.61029352034213
PRK,North Korea,127.3379805653744,40.19198091470839
MKD,North Macedonia,21.70998923872772,41.59402890143112
NOR,Norway,16.670259272390894,64.97775882947745
OMN,Oman,55.841088119829,20.7242833183209
PAK,Pakistan,69.08835090769651,30.11618837141088
PLW,Palau,134.57965086721052,7.534775852547396
PSE,Palestinian Territory,35.24251184154588,31.930818736453883
PAN,Panama,-80.14428761482796,8.439536749576892
PNG,Papua New Guinea,144.8348942994695,-7.156912819152135
PRY,Paraguay,-58.38906357428651,-23.42190559259428
PER,Peru,-74.11416196781884,-8.522717984240291
PHL,Philippines,121.82208941416744,15.586542251094242
POL,Poland,19.43573279234468,52.06848055692473
PRT,Portugal,-7.933662183874006,39.67529214702138
PRI,Puerto Rico,-66.49425339593509,18.216224086610914
QAT,Qatar,51.19794918743203,25.318528486425382
ROU,Romania,25.09415820156329,45.82454894397586
RUS,Russian Federation,98.6704990698032,59.039434214106194
RWA,Rwanda,29.91943968176408,-2.014687460047154
KNA,Saint Kitts and Nevis,-62.74560385895787,17.314736299587768
LCA,Saint Lucia,-60.9689510935251,13.895749185129906
VCT,Saint Vincent and the Grenadines,-61.19376635439304,13.254808122970651
WSM,Samoa,-172.44107655740137,-13.634252953274622
SMR,San Marino,12.461278349581722,43.942820729097896
STP,Sao Tome and Principe,6.606158796857607,0.2274470429479377
SAU,Saudi Arabia,44.6009581782256,24.136038144757897
SEN,Senegal,-14.610875368352303,14.228861491763402
SRB,Serbia,20.85677444395745,44.02679870131969
SYC,Seychelles,55.47250789595527,-4.660002318822744
SLE,Sierra Leone,-11.78656695731115,8.561330384750587
SGP,Singapore,103.81025757634052,1.3528251890006349
SVK,Slovakia,19.58101536249097,48.69808390520484
SVN,Slovenia,14.89063689997378,46.13759229564504
SLB,Solomon Islands,160.16475795033884,-9.613104734596517
SOM,Somalia,45.40037867243972,6.524534573103924
ZAF,South Africa,24.75252746489084,-28.55361930679731
KOR,South Korea,127.76224551357647,36.402386712544114
SSD,South Sudan,30.3851856901788,7.657782041763295
ESP,Spain,-3.6516251409956975,40.36500833668384
LKA,Sri Lanka,80.66931169770622,7.696630939329944
SDN,Sudan,29.951458283594064,15.67060230984256
SUR,Suriname,-55.855514311561286,4.098723595920171
SWE,Sweden,17.062431988004956,62.73420986108448
CHE,Switzerland,8.286928794895285,46.73678128684938
SYR,Syria,38.5117323139514,35.09751106058316
TJK,Tajikistan,70.94215281065698,38.56933138382972
TZA,Tanzania,34.81832206060381,-6.355794440041147
THA,Thailand,101.08675116214552,13.66222784745538
TLS,Timor-Leste,125.9502404956266,-8.809894630601962
TGO,Togo,0.8990857571109684,8.660743037717811
TON,Tonga,-175.20415878511247,-21.15927212823853
TTO,Trinidad and Tobago,-61.37236579976247,10.415515638298093
TUN,Tunisia,9.65587551697984,34.08636179565723
TUR,Turkey,35.56886764076691,38.93207363123396
TKM,Turkmenistan,58.4577357627054,39.06069118001429
TUV,Tuvalu,179.217833977593,-8.514701506447222
VIR,US Virgin Islands,-64.76155341409797,17.738009708772523
UGA,Uganda,32.34371768463123,1.2821729218416205
UKR,Ukraine,31.27377208442636,48.657532515563794
ARE,United Arab Emirates,54.27920525789581,24.18250292309135
GBR,United Kingdom,-2.852943909329258,53.97844735080214
USA,United States,-96.3316166082964,38.8208089190304
URY,Uruguay,-56.01919523458085,-32.78195043831093
UZB,Uzbekistan,63.8548297593985,41.4879065244633
VUT,Vanuatu,166.84912735669738,-15.189132121699332
VEN,Venezuela,-66.36492135985132,7.148324760507107
VNM,Vietnam,105.91338832758704,16.517347170839393
YEM,Yemen,47.46815793206386,16.001392616307445
ZMB,Zambia,27.75521363430896,-13.162832953186246
ZWE,Zimbabwe,29.717829640720844,-18.92700121981475
